constituency,ac_number,candidate,party,votes,turnout,reserved,region,margin
Gummidipundi,1,GOVINDARAJAN T.J,DMK,126452,78.08,GEN,Chennai Metro,50938
Ponneri,2,DURAI. CHANDRASEKAR,INC,94528,78.2,SC,Chennai Metro,9689
Tiruttani,3,S.Chandran,DMK,120314,78.76,GEN,Chennai Metro,29253
Thiruvallur,4,"RAAJENDRAN, V.G.",DMK,107709,77.2,GEN,Chennai Metro,22701
Poonamallee,5,Krishnaswamy A,DMK,149578,72.99,SC,Chennai Metro,94110
Avadi,6,Nasar S M,DMK,150287,67.37,GEN,Chennai Metro,55275
Maduravoyal,7,GANAPATHY.K,DMK,121298,60.3,GEN,Chennai Metro,31721
Ambattur,8,JOSEPH SAMUEL,DMK,114554,62.01,GEN,Chennai Metro,42146
Madavaram,9,SUDHARSANAM. S,DMK,151485,66.37,GEN,Chennai Metro,57071
Thiruvottiyur,10,K.P.SHANKAR,DMK,88185,65.15,GEN,Chennai Metro,37661
Dr. Radhakrishnan Nagar,11,EBENEZER. J.J. (@)  JOHN EBENEZER.J,DMK,95763,70.98,GEN,Chennai Metro,42479
Perambur,12,SHEKAR. R.D,DMK,105267,63.0,GEN,Chennai Metro,54976
Kolathur,13,M.K. STALIN,DMK,105522,61.04,GEN,Chennai Metro,70384
Villivakkam,14,A . Vetriazhagan,DMK,76127,55.92,GEN,Chennai Metro,37237
Thiru-Vi-Ka-Nagar,15,SIVAKUMAR.P,DMK,81727,60.62,SC,Chennai Metro,55013
Egmore,16,I.PARANTHAMEN,DMK,68832,61.13,SC,Chennai Metro,38768
Royapuram,17,MURTHY.R.IDREAM,DMK,64424,62.6,GEN,Chennai Metro,27779
Harbour,18,SEKARBABU. P.K,DMK,59317,57.64,GEN,Chennai Metro,27274
Chepauk-Thiruvallikeni,19,UDHAYANIDHI STALIN,DMK,93285,58.33,GEN,Chennai Metro,69355
Thousand Lights,20,EZHILAN N,DMK,71867,56.25,GEN,Chennai Metro,32462
Anna Nagar,21,M.K. Mohan,DMK,80054,57.33,GEN,Chennai Metro,27445
Virugampakkam,22,AMV.PRABHAKARA RAJA,DMK,74351,57.59,GEN,Chennai Metro,18367
Saidapet,23,SUBRAMANIAN. MA,DMK,80194,57.36,GEN,Chennai Metro,29408
Theayagaraya Nagar,24,KARUNANITHI J,DMK,56035,55.99,GEN,Chennai Metro,137
Mylapore,25,VELU.DHA,DMK,68392,56.6,GEN,Chennai Metro,12633
Velachery,26,JMH.AASSAN MAULAANA,INC,68493,56.18,GEN,Chennai Metro,4352
Shozhinganallur,27,S.ARAVINDRAMESH,DMK,171558,55.51,GEN,Chennai Metro,35405
Alandur,28,T.M.Anbarasan,DMK,116785,60.82,GEN,Chennai Metro,40571
Sriperumbudur,29,SELVAPERUNTHAGAI,INC,115353,73.94,SC,Chennai Metro,10879
Pallavaram,30,KARUNANITHI,DMK,126427,60.86,GEN,Chennai Metro,37781
Tambaram,31,Raja.S.R,DMK,116840,59.55,GEN,Chennai Metro,36824
Chengalpattu,32,VARALAKSHMI.M,DMK,130573,63.54,GEN,Chennai Metro,26665
Thiruporur,33,S.S.Balaji,VCK,93954,76.36,GEN,North,1947
Cheyyur,34,Babu M,VCK,82750,77.88,SC,North,4042
Maduranthakam,35,Maragatham. K,AIADMK,86646,80.65,SC,North,3570
Uthiramerur,36,SUNDAR K,DMK,93427,80.1,GEN,North,1622
Kancheepuram,37,C.V.M.P. Ezhailzrasan,DMK,102712,73.28,GEN,North,11595
Arakonam,38,S.RAVI,AIADMK,85399,74.89,SC,North,27169
Sholinghur,39,A.M.MUNIRATHINAM,INC,110228,80.09,GEN,North,26698
Katpadi,40,DURAIMURUGAN,DMK,85140,74.0,GEN,North,746
Ranipet,41,R.GANDHI,DMK,103291,77.24,GEN,North,16498
Arcot,42,J.L.Eswarappan,DMK,103885,79.62,GEN,North,19958
Vellore,43,Karthikeyan .P,DMK,84299,70.25,GEN,North,9181
Anaikattu,44,A.P.Nandakumar,DMK,95159,77.05,GEN,North,6360
Kilvaithinankuppam,45,M.JAGAN MOORTHY,AIADMK,84579,76.5,SC,North,10582
Gudiyatham,46,Amulu.V,DMK,100412,72.56,SC,North,6901
Vaniayambadi,47,G.SENDHIL KUMAR,AIADMK,88018,75.55,GEN,North,4904
Ambur,48,VILWANATHAN.A.C,DMK,90476,74.01,GEN,North,20232
Jolarpet,49,DEVARAJI.K.,DMK,89490,80.98,GEN,North,1091
Tiruppattur,50,A. NALLATHAMBI,DMK,96522,76.97,GEN,North,28240
Uthangarai,51,T.M.TAMILSELVAM,AIADMK,99675,78.37,SC,North,28387
Bargur,52,MATHIAZHAGAN D,DMK,97256,79.08,GEN,North,12614
Krishnagiri,53,Ashokkumar.K,AIADMK,96050,78.5,GEN,North,794
Veppanahalli,54,K.P.Munusamy,AIADMK,94104,81.31,GEN,North,3054
Hosur,55,PRAKAASH Y,DMK,118231,70.09,GEN,North,12367
Thalli,56,RAMACHANDRAN.T,CPI,120641,77.06,GEN,North,56226
Palacode,57,ANBALAGAN.K.P.,AIADMK,110070,87.37,GEN,North,28100
Pennagaram,58,MANI. G.K,PMK,106123,85.0,GEN,North,21186
Dharmapuri,59,VENKATESHWARAN.S.P.,PMK,105630,79.69,GEN,North,26860
Pappireddippatti,60,GOVINDASAMY.A,AIADMK,114507,82.15,GEN,North,36943
Harur,61,SAMPATHKUMAR.V,AIADMK,99061,78.46,SC,North,30362
Chengam,62,GIRI.M.P,DMK,108081,80.66,SC,North,11570
Tiruvannamalai,63,E V VELU,DMK,137876,71.69,GEN,North,94673
Kilpennathur,64,K.Pitchandi,DMK,104675,79.35,GEN,North,26787
Kalasapakkam,65,Saravanan.P.S.T,DMK,94134,80.36,GEN,North,9222
Polur,66,Agri KRISHNAMURTHY. S S,AIADMK,97732,82.33,GEN,North,9725
Arani,67,S.RAMACHANDRAN,AIADMK,102961,79.84,GEN,North,3128
Cheyyar,68,JOTHI. O,DMK,102460,81.69,GEN,North,12271
Vandavasi,69,Ambethkumar S,DMK,102064,76.81,SC,North,35953
Gingee,70,MASTHAN K S,DMK,109625,78.21,GEN,Central,35803
Mailam,71,SIVAKUMAR C,PMK,81044,79.5,GEN,Central,2230
Tindivanam,72,ARJUNAN P,AIADMK,87152,78.43,SC,Central,9753
Vanur,73,CHAKRAPANI M,AIADMK,92219,79.79,SC,Central,21727
Villupuram,74,LAKSHMANAN R,DMK,102271,76.97,GEN,Central,14868
Vikravandi,75,PUGAZHENTHI N,DMK,93730,81.39,GEN,Central,9573
Tirukkoyilur,76,K.PONMUDY,DMK,110980,76.27,GEN,Central,59680
Ulundurpet,77,MANIKANNAN A J,DMK,115451,82.62,GEN,Central,5256
Rishivandiam,78,KARTHIKEYAN K,DMK,113912,80.18,GEN,Central,41728
Sankarapuram,79,UDHAYASURIYAN T,DMK,121186,79.58,GEN,Central,45963
Kallakurichi,80,Senthilkumar.M,AIADMK,110643,78.16,SC,Central,25891
Gangavalli,81,"NALLATHAMBI,A.",AIADMK,89568,77.11,SC,Central,7361
Attur,82,"JAYASANKARAN, A.P.",AIADMK,95308,77.26,SC,Central,8257
Yercaud,83,G. Chitra,AIADMK,121561,83.09,ST,Central,25955
Omalur,84,R.MANI,AIADMK,142488,83.28,GEN,Central,55294
Mettur,85,SADHASIVAM.S,PMK,97055,75.01,GEN,Central,656
Edapadi,86,EDAPPADI PALANISWAMI. K,AIADMK,163154,85.64,GEN,Central,93802
Sankari,87,"SUNDARARAJAN, S.",AIADMK,115472,83.71,GEN,Central,20045
Salem (West),88,ARUL. R,PMK,105483,71.81,GEN,Central,21499
Salem (North),89,R. RAJENDRAN,DMK,93432,72.14,GEN,Central,7588
Salem (South),90,E.BALASUBRAMANIAN,AIADMK,97506,76.0,GEN,Central,22609
Veerapandi,91,"RAJAMUTHU, M.",AIADMK,111682,85.64,GEN,Central,19895
Rasipuram,92,MATHIVENTHAN M,DMK,90727,82.05,SC,Central,1952
Sendamangalam,93,PONNUSAMY K,DMK,90681,80.93,ST,Central,10493
Namakkal,94,RAMALINGAM P,DMK,106494,78.57,GEN,Central,27861
Paramathi-Velur,95,SEKAR S,AIADMK,86034,81.14,GEN,Central,7662
Tiruchengode,96,ESWARAN E R,DMK,81688,78.71,GEN,Central,2862
Kumarapalayam,97,THANGAMANI.P,AIADMK,100800,78.85,GEN,Central,31646
Erode (East),98,"THIRUMAHAN EVERAA,E.",INC,67300,66.24,GEN,Kongu,8904
Erode (West),99,Muthusamy S,DMK,100757,69.36,GEN,Kongu,22089
Modakurichi,100,SARASWATHI.C,BJP,78125,75.26,GEN,Kongu,281
Dharapuram,101,KAYALVIZHI N,DMK,89986,74.15,SC,Kongu,1393
Kangayam,102,SAMINATHAN.M.P,DMK,94197,77.19,GEN,Kongu,7331
Perundurai,103,"JAYAKUMAR, S.",AIADMK,85125,82.6,GEN,Kongu,14507
Bhavani,104,KARUPPANAN.K.C,AIADMK,100915,83.5,GEN,Kongu,22523
Anthiyur,105,VENKATACHALAM.A.G,DMK,79096,79.69,GEN,Kongu,1275
Gobichettipalayam,106,SENGOTTAIYAN K.A,AIADMK,108608,82.52,GEN,Kongu,28563
Bhavanisagar,107,A.Bannari,AIADMK,99181,77.37,SC,Kongu,16008
Udhagamandalam,108,"GANESH, R.",INC,65530,67.82,GEN,Kongu,5348
Gudalur,109,PON.JAYASEELAN,AIADMK,64496,72.15,SC,Kongu,1945
Coonoor,110,"Ramachandran, K.",DMK,61820,69.79,GEN,Kongu,4105
Mettupalayam,111,SELVARAJ A K,AIADMK,105231,75.14,GEN,Kongu,2456
Avanashi,112,"DHANAPAL, P",AIADMK,117284,75.18,SC,Kongu,50902
Tiruppur (North),113,VIJEYAKUMAR.K.N,AIADMK,113384,62.44,GEN,Kongu,40102
Tiruppur (South),114,SELVARAJ. K.,DMK,75535,62.74,GEN,Kongu,4709
Palladam,115,ANANDAN M S M,AIADMK,126903,66.7,GEN,Kongu,32691
Sulur,116,KANDASAMY V.P.,AIADMK,118968,75.57,GEN,Kongu,31932
Kavundampalayam,117,G.Arunkumar,AIADMK,135669,66.13,GEN,Kongu,9776
Coimbatore North,118,AMMAN K.ARJUNAN,AIADMK,81454,59.21,GEN,Kongu,4001
Thondamuthur,119,S.P. VELUMANI,AIADMK,124225,70.22,GEN,Kongu,41630
Coimbatore South,120,VANATHI SRINIVASAN,BJP,53209,60.69,GEN,Kongu,1728
Singanallur,121,"Jayaram, K.R",AIADMK,81244,61.73,GEN,Kongu,10854
Kinathukadavu,122,Damodaran.S,AIADMK,101537,70.64,GEN,Kongu,1095
Pollachi,123,Pollachi V. Jayaraman,AIADMK,80567,77.34,GEN,Kongu,1725
Valparai,124,AMULKANDASAMI T K,AIADMK,71672,70.04,SC,Kongu,12223
Udumalpet,125,"Radhakrishnan,K.",AIADMK,96893,71.31,GEN,Kongu,21895
Madathukulam,126,C MAHENDRAN,AIADMK,84313,72.45,GEN,Kongu,6438
Palani,127,SENTHIL KUMAR I.P,DMK,108566,73.33,GEN,South,30056
Oddanchatram,128,SAKKARAPANI R,DMK,109970,83.08,GEN,South,28742
Athoor,129,PERIYASAMY I,DMK,165809,77.96,GEN,South,135571
Nilakottai,130,S.Thenmozhi,AIADMK,91461,75.07,SC,South,27618
Natham,131,NATHAM.R.VISWANATHAN,AIADMK,107762,78.95,GEN,South,11932
Dindigul,132,SREENIVASAN.C,AIADMK,90595,69.27,GEN,South,17747
Vedasandur,133,GANDHIRAJAN S,DMK,106481,80.16,GEN,South,17553
Aravakurichi,134,ELANGO. R,DMK,93369,81.92,GEN,Kongu,24816
Karur,135,SENTHILBALAJI V,DMK,101757,83.57,GEN,Kongu,12448
Krishnarayapuram,136,SIVAGAMA SUNDARI.K,DMK,96540,84.17,SC,Kongu,31625
Kulithalai,137,R.Manickam,DMK,100829,86.16,GEN,Kongu,23540
Manapparai,138,ABDUL SAMAD P,DMK,98077,76.02,GEN,Delta,12243
Srirangam,139,Palaniyandi.M,DMK,113904,76.15,GEN,Delta,19915
Tiruchirapalli (West),140,"Nehru, K.N.",DMK,118133,67.01,GEN,Delta,85109
Tiruchirapalli (East),141,"INIGO IRUDAYARAJ,S.",DMK,94302,66.87,GEN,Delta,53797
Thiruverambur,142,ANBIL MAHESH POYYAMOZHI,DMK,105424,66.59,GEN,Delta,49697
Lalgudi,143,A.SOUNDARAPANDIAN,DMK,84914,79.23,GEN,Delta,16949
Manachanallur,144,S. KATHIRAVAN,DMK,116334,79.63,GEN,Delta,59618
Musiri,145,N. Thiyagarajan,DMK,90624,75.98,GEN,Delta,26836
Thuraiyur,146,S.STALINKUMAR,DMK,87786,76.63,SC,Delta,22071
Perambalur,147,"PRABHAHARAN, M.",DMK,122090,78.2,SC,Central,31034
Kunnam,148,"SIVASANKAR, S.S.",DMK,103922,80.05,GEN,Central,6329
Ariyalur,149,CHINNAPPA K,DMK,103975,84.54,GEN,Central,3234
Jayankondam,150,KANNAN KA SO KA,DMK,99529,80.38,GEN,Central,5452
Tittakudi,151,"GANESAN,  C.V.",DMK,83726,76.3,SC,Central,21563
Vriddhachalam,152,Radhakrishnan,INC,77064,77.02,GEN,Central,862
Neyveli,153,SABA.RAJENDRAN,DMK,75177,74.25,GEN,Central,977
Panruti,154,VELMURUGAN.T,DMK,93801,79.6,GEN,Central,4697
Cuddalore,155,G.IYAPPAN,DMK,84563,74.77,GEN,Central,5151
Kurinjipadi,156,M.R.K.PANNEERSELVAM,DMK,101456,82.06,GEN,Central,17527
Bhuvanagiri,157,Arunmozhithevan. A,AIADMK,96453,78.57,GEN,Central,8259
Chidambaram,158,K.A. PANDIAN,AIADMK,91961,71.93,GEN,Central,16937
Kattumannarkoil,159,SINTHANAI SELVAN,VCK,86056,75.87,SC,Central,10565
Sirkali,160,PANNEERSELVAM,DMK,94057,74.91,SC,Delta,12148
Mayiladuthurai,161,Rajakumar.S,INC,73642,70.14,GEN,Delta,2742
Poompuhar,162,Nivedha M. Murugan,DMK,96102,75.19,GEN,Delta,3299
Nagapattinam,163,J. Mohamed Shanavas,VCK,66281,71.97,GEN,Delta,7238
Kilvelur,164,NAGAIMAALI V P,CPI(M),67988,79.43,SC,Delta,16985
Vedaranyam,165,O.S.MANIAN,AIADMK,78719,80.6,GEN,Delta,12329
Thiruthuraipundi,166,MARIMUTHU K,CPI,97092,76.74,SC,Delta,30068
Mannargudi,167,RAJAA T R B,DMK,87172,74.34,GEN,Delta,37393
Thiruvarur,168,KALAIVANAN  POONDI  K.,DMK,108906,73.25,GEN,Delta,51174
Nannilam,169,KAMARAJ R,AIADMK,103637,81.08,GEN,Delta,4424
Thiruvidamarudur,170,"CHEZHIAAN,  GOVI.",DMK,95763,75.76,SC,Delta,10680
Kumbakonam,171,"ANBALAGAN, G.",DMK,96057,71.45,GEN,Delta,21383
Papanasam,172,"Dr.JAWAHIRULLAH, M.H.",DMK,86567,74.76,GEN,Delta,16273
Thiruvaiyaru,173,DURAI.CHANDRASEKARAN,DMK,103210,78.11,GEN,Delta,53650
Thanjavur,174,"NEELAMEGAM, T.K.G.",DMK,103772,65.72,GEN,Delta,47149
Orathanad,175,"VAITHILINGAM, R.",AIADMK,90063,78.29,GEN,Delta,28835
Pattukkottai,176,"ANNADURAI, K.",DMK,79065,71.66,GEN,Delta,25269
Peravurani,177,"ASHOKKUMAR, N.",DMK,89130,77.02,GEN,Delta,23503
Gandharvakottai,178,M.Chinnadurai,CPI(M),69710,74.45,SC,Delta,12721
Viralimalai,179,VIJAYA BASKER C,AIADMK,102179,85.43,GEN,Delta,23598
Pudukkottai,180,V . MUTHURAJA,DMK,85802,72.94,GEN,Delta,13001
Thirumayam,181,S.REGUPATHY,DMK,71349,75.85,GEN,Delta,1382
Alangudi,182,SIVA.V.MEYYANATHAN,DMK,87935,78.47,GEN,Delta,25847
Arantangi,183,RAMACHANDRAN T,INC,81835,70.21,GEN,Delta,30893
Karaikudi,184,S.Mangudi,INC,75954,66.23,GEN,South,21589
Tiruppattur,185,KR.PERIYAKARUPPAN,DMK,103682,71.98,GEN,South,37374
Sivaganga,186,PR. Senthilnathan,AIADMK,82153,66.29,GEN,South,11253
Manamadurai,187,Tamilarasi A.,DMK,89364,72.05,SC,South,14091
Melur,188,PERIYAPULLAN @ SELVAM  P.,AIADMK,83344,74.23,GEN,South,35162
Madurai East,189,MOORTHY P,DMK,122729,71.34,GEN,South,49604
Sholavandan,190,VENKATESAN A,DMK,84240,79.49,SC,South,17045
Madurai North,191,THALAPATHI G,DMK,73010,63.6,GEN,South,22916
Madurai South,192,BOOMINATHAN.M,DMK,62812,63.8,GEN,South,6515
Madurai Central,193,PALANIVEL THIAGA RAJAN,DMK,73205,61.03,GEN,South,34176
Madurai West,194,RAJU. K,AIADMK,83883,65.12,GEN,South,9121
Thiruparankundram,195,"RAJANCHELLAPPA, V.V.",AIADMK,103683,72.73,GEN,South,29489
Thirumangalam,196,UDHAYAKUMAR R B,AIADMK,100338,78.13,GEN,South,14087
Usilampatti,197,AYYAPPAN P,AIADMK,71255,73.82,GEN,South,7477
Andipatti,198,A.MAHARAJAN,DMK,93541,74.85,GEN,South,8538
Periyakulam,199,K.S.SARAVANAKUMAAR,DMK,92251,69.94,SC,South,21321
Bodinayakanur,200,O.PANNEERSELVAM,AIADMK,100050,76.3,GEN,South,11021
Cumbum,201,N.Ramakrishnan,DMK,104800,69.51,GEN,South,42413
Rajapalayam,202,THANGAPANDIAN S.,DMK,74158,73.89,GEN,South,3898
Srivilliputhur,203,"MANRAJ, E.M.",AIADMK,70475,73.14,SC,South,12738
Sattur,204,"RAGHURAMAN,  A.R.R.",DMK,74174,75.17,GEN,South,11179
Sivakasi,205,Ashokan.G,INC,78947,70.16,GEN,South,17319
Virudhunagar,206,SEENIVASAN A.R.R,DMK,73297,71.27,GEN,South,21339
Aruppukottai,207,K.K.S.S.R.RAMACHANDRAN,DMK,91040,75.6,GEN,South,39034
Tiruchuli,208,THANGAM THENARASU,DMK,102225,77.46,GEN,South,60992
Paramakudi,209,MURUGESAN S,DMK,84864,70.59,SC,South,13285
Tiruvadanai,210,KARUMANICKAM,INC,79364,68.72,GEN,South,13852
Ramanathapuram,211,KATHARBATCHA MUTHURAMALINGAM,DMK,111082,68.81,GEN,South,50479
Mudukulathur,212,R.S.RAJAKANNAPPAN,DMK,101901,70.29,GEN,South,20721
Vilathikulam,213,MARKANDAYAN V,DMK,90348,76.52,GEN,South,38549
Thoothukkudi,214,P.Geetha Jeevan,DMK,92314,65.07,GEN,South,50310
Tiruchendur,215,Anitha R. Radhakrishnan,DMK,88274,70.04,GEN,South,25263
Srivaikuntam,216,Amirtharaj .S,INC,76843,72.34,GEN,South,17372
Ottapidaram,217,SHUNMUGAIAH C,DMK,73110,69.82,SC,South,8510
Kovilpatti,218,KADAMBUR RAJU,AIADMK,68556,67.43,GEN,South,12403
Sankarankovil,219,RAJA E,DMK,71347,71.48,SC,South,5297
Vasudevanallur,220,"SADHAN THIRUMALAIKUMAR, DOCTOR.T",DMK,68730,71.87,SC,South,2367
Kadayanallur,221,C.KRISHNAMURALI,AIADMK,88474,70.35,GEN,South,24349
Tenkasi,222,PALANI NADAR.S,INC,89315,72.4,GEN,South,370
Alangulam,223,PAUL MANOJ PANDIAN,AIADMK,74153,77.4,GEN,South,3539
Tirunelveli,224,Nainar Nagenthran,BJP,92282,66.91,GEN,South,23107
Ambasamudram,225,E.SUBAYA,AIADMK,85211,72.03,GEN,South,16915
Palayamcottai,226,ABDUL WAHAB .M,DMK,89117,57.76,GEN,South,52141
Nanguneri,227,RUBY R MANOHARAN,INC,75902,68.59,GEN,South,16486
Radhapuram,228,M.Appavu,DMK,82331,68.08,GEN,South,5925
Kanniyakumari,229,THALAVAI SUNDARAM N.,AIADMK,109745,75.19,GEN,South,16213
Nagercoil,230,Gandhi M.R.,BJP,88804,67.06,GEN,South,11669
Colachel,231,Prince J.G.,INC,90681,67.27,GEN,South,24832
Padmanabhapuram,232,"Mano Thangaraj, T.",DMK,87744,70.08,GEN,South,26885
Vilavancode,233,VIJAYADHARANI S,INC,87473,66.83,GEN,South,28669
Killiyoor,234,RAJESH KUMAR  S,INC,101541,65.87,GEN,South,55400
